Product_ID,Quantity_Sold,Inventory_Available,On_Promotion,Purchase_Method
F000000,15,27,No,In-Store
H000001,6,16,No,Online
F000002,66,126,No,In-Store
H000003,39,107,Yes,In-Store
H000004,6,11,No,In-Store
F000005,11,15,No,In-Store
F000006,20,25,No,In-Store
F000007,3,5,No,In-Store
F000008,488,753,Yes,Pickup
F000009,5,6,No,Online
H000010,27,35,No,In-Store
H000011,15,25,No,In-Store
F000012,59,93,Yes,In-Store
F000013,10,14,No,Pickup
F000014,6,11,No,In-Store
F000015,49,95,No,In-Store
F000016,39,60,No,In-Store
H000017,11,18,No,Online
H000018,42,105,No,In-Store
F000019,22,38,Yes,In-Store
F000020,29,57,No,In-Store
H000021,12,34,No,In-Store
H000022,5,13,No,In-Store
H000023,21,55,Yes,In-Store
H000024,16,40,No,In-Store
F000025,50,67,Yes,In-Store
H000026,6,22,No,Online
H000027,20,36,No,In-Store
F000028,139,153,Yes,In-Store
H000029,8,14,No,Online
F000030,8,15,No,In-Store
F000031,6,11,No,In-Store
E000032,1,4,No,In-Store
F000033,42,64,No,In-Store
F000034,8,13,No,Pickup
H000035,63,164,Yes,Pickup
F000036,53,103,No,Pickup
F000037,5,9,No,In-Store
H000038,20,28,No,In-Store
H000039,9,23,No,In-Store
F000040,15,17,No,In-Store
H000041,15,44,Yes,In-Store
F000042,31,36,No,In-Store
F000043,19,24,No,In-Store
F000044,43,52,Yes,In-Store
F000045,11,13,No,In-Store
H000046,35,55,No,Pickup
F000047,4,7,No,In-Store
F000048,5,8,No,In-Store
E000049,76,195,Yes,Online
F000050,36,60,No,In-Store
H000051,14,27,No,In-Store
F000052,14,21,Yes,In-Store
F000053,35,44,No,In-Store
F000054,72,115,Yes,In-Store
F000055,22,26,No,Pickup
F000056,88,101,No,Pickup
F000057,10,16,No,Pickup
F000058,26,44,No,In-Store
H000059,25,58,No,Online
F000060,21,35,No,In-Store
F000061,20,37,No,In-Store
H000062,9,23,No,Online
F000063,60,73,Yes,In-Store
F000064,58,72,Yes,In-Store
H000065,24,40,No,Pickup
F000066,8,9,No,In-Store
F000067,85,111,No,Pickup
F000068,6,10,No,In-Store
F000069,16,28,No,In-Store
F000070,6,7,No,Online
F000071,39,48,No,In-Store
F000072,236,437,Yes,In-Store
H000073,8,17,No,In-Store
F000074,30,40,No,In-Store
H000075,13,24,No,Pickup
F000076,42,47,Yes,In-Store
H000077,26,47,No,In-Store
H000078,1,2,No,Online
H000079,9,28,Yes,Online
F000080,28,53,No,In-Store
H000081,5,14,No,Pickup
F000082,10,11,No,In-Store
F000083,44,56,Yes,In-Store
F000084,74,100,Yes,In-Store
F000085,57,85,Yes,In-Store
F000086,22,35,No,In-Store
F000087,9,10,No,Online
F000088,53,101,No,Online
H000089,9,26,No,Online
H000090,7,16,No,Online
H000091,22,76,No,In-Store
F000092,7,12,No,In-Store
F000093,20,27,No,In-Store
F000094,23,37,No,In-Store
H000095,7,11,No,In-Store
F000096,40,55,Yes,Pickup
F000097,22,32,No,In-Store
H000098,4,8,No,In-Store
H000099,61,96,No,In-Store
F000100,13,18,No,In-Store
F000101,7,8,Yes,In-Store
F000102,13,15,No,Online
F000103,54,65,No,In-Store
F000104,81,112,Yes,In-Store
F000105,9,14,No,Online
F000106,24,35,No,Pickup
F000107,14,23,No,In-Store
H000108,6,13,No,In-Store
F000109,63,105,Yes,In-Store
F000110,40,45,No,In-Store
F000111,11,16,No,Pickup
F000112,26,49,No,In-Store
H000113,4,10,No,Online
H000114,3,7,No,In-Store
F000115,11,13,No,In-Store
H000116,8,13,No,Pickup
F000117,7,9,No,In-Store
H000118,21,42,No,In-Store
H000119,8,18,No,Pickup
H000120,7,17,No,Pickup
E000121,20,46,No,Online
H000122,24,54,No,Pickup
F000123,19,32,No,In-Store
H000124,5,8,No,In-Store
F000125,23,34,No,In-Store
H000126,4,7,No,In-Store
F000127,136,267,Yes,In-Store
E000128,1,2,No,Online
H000129,4,6,No,In-Store
F000130,9,13,No,In-Store
H000131,4,14,No,In-Store
H000132,5,6,No,In-Store
F000133,16,21,No,Pickup
F000134,21,26,Yes,Pickup
H000135,7,12,No,In-Store
F000136,9,15,No,In-Store
F000137,77,123,Yes,Online
F000138,4,7,No,In-Store
F000139,12,14,No,Pickup
H000140,14,27,No,In-Store
F000141,36,51,No,In-Store
F000142,81,126,Yes,In-Store
F000143,168,243,Yes,In-Store
H000144,3,7,No,Pickup
H000145,7,15,No,Online
F000146,3,4,No,In-Store
H000147,18,36,No,In-Store
F000148,99,134,No,In-Store
H000149,3,8,No,Pickup
H000150,19,39,No,In-Store
F000151,20,22,No,Pickup
H000152,7,19,No,In-Store
H000153,14,34,No,In-Store
H000154,17,67,Yes,Online
H000155,12,21,No,Pickup
F000156,44,66,Yes,In-Store
F000157,14,21,Yes,Pickup
H000158,19,56,No,In-Store
H000159,10,15,No,In-Store
H000160,3,7,No,In-Store
F000161,5,6,No,In-Store
F000162,54,67,No,In-Store
H000163,20,31,No,Pickup
H000164,37,66,No,Online
E000165,2,7,No,In-Store
H000166,25,89,No,In-Store
F000167,4,7,Yes,In-Store
F000168,8,10,No,In-Store
F000169,48,85,No,In-Store
E000170,1,2,No,Online
F000171,18,23,No,In-Store
H000172,2,4,No,In-Store
H000173,6,16,No,In-Store
F000174,44,79,No,In-Store
H000175,5,12,No,In-Store
H000176,22,44,No,In-Store
H000177,5,8,No,Pickup
H000178,5,12,No,In-Store
F000179,47,66,No,In-Store
F000180,6,7,No,Pickup
F000181,35,69,No,In-Store
H000182,15,31,No,Pickup
H000183,33,66,Yes,In-Store
H000184,7,23,No,In-Store
H000185,9,21,No,In-Store
F000186,4,5,No,Online
F000187,26,35,Yes,In-Store
F000188,18,35,No,Online
H000189,4,6,No,Online
F000190,40,79,No,In-Store
F000191,28,52,Yes,In-Store
H000192,5,9,No,In-Store
H000193,14,36,No,In-Store
H000194,58,140,Yes,In-Store
H000195,5,12,No,Online
H000196,1,2,No,In-Store
H000197,1,2,No,Online
F000198,84,126,No,In-Store
E000199,2,9,No,In-Store
H000200,18,64,Yes,Online
F000201,27,36,No,In-Store
F000202,12,13,No,Online
E000203,1,4,No,In-Store
H000204,5,12,No,In-Store
F000205,72,139,No,In-Store
E000206,1,2,No,In-Store
F000207,58,98,No,Pickup
F000208,33,49,Yes,In-Store
H000209,13,49,No,Pickup
E000210,1,3,No,Online
F000211,24,40,No,Online
E000212,1,2,No,Online
F000213,10,19,No,In-Store
F000214,19,26,No,Pickup
F000215,74,83,No,Online
F000216,14,24,No,In-Store
H000217,22,50,No,In-Store
H000218,14,27,No,Online
F000219,77,100,Yes,In-Store
H000220,12,22,No,Pickup
H000221,11,22,No,Online
H000222,7,15,No,In-Store
F000223,42,68,No,Pickup
E000224,8,24,No,Online
H000225,12,38,No,In-Store
F000226,63,118,No,In-Store
F000227,5,9,No,In-Store
H000228,4,8,No,Pickup
H000229,7,16,No,Online
F000230,8,14,No,Pickup
H000231,2,7,No,In-Store
H000232,50,108,No,In-Store
E000233,1,2,Yes,In-Store
F000234,9,15,No,In-Store
H000235,8,13,No,Online
F000236,17,29,No,In-Store
F000237,66,84,No,In-Store
F000238,25,42,No,In-Store
F000239,20,35,No,Pickup
F000240,8,14,No,In-Store
H000241,9,21,No,In-Store
F000242,6,10,No,In-Store
H000243,1,2,No,Pickup
H000244,19,33,Yes,In-Store
F000245,43,62,No,In-Store
F000246,26,49,No,In-Store
F000247,26,50,No,In-Store
F000248,67,91,Yes,Pickup
F000249,21,24,No,In-Store
H000250,19,25,No,Online
F000251,243,450,Yes,In-Store
E000252,1,2,No,In-Store
E000253,2,7,No,Pickup
H000254,5,18,No,Pickup
F000255,31,42,Yes,In-Store
H000256,5,9,No,In-Store
F000257,13,24,No,Pickup
H000258,4,10,No,In-Store
F000259,26,41,Yes,Pickup
F000260,44,75,No,Pickup
F000261,3,4,No,In-Store
F000262,19,31,No,Pickup
F000263,13,19,No,In-Store
F000264,76,148,No,In-Store
F000265,50,90,No,Pickup
H000266,2,4,No,In-Store
F000267,17,31,No,Pickup
F000268,12,14,No,In-Store
H000269,3,11,No,Online
H000270,2,4,No,In-Store
F000271,5,6,No,Pickup
H000272,22,49,No,Online
F000273,4,5,No,In-Store
H000274,7,15,No,Pickup
F000275,42,58,Yes,In-Store
F000276,82,140,No,In-Store
F000277,34,58,Yes,In-Store
F000278,17,20,No,In-Store
H000279,11,22,No,In-Store
F000280,421,778,No,In-Store
H000281,8,27,No,In-Store
H000282,1,3,No,In-Store
H000283,18,36,No,Online
F000284,7,12,No,Pickup
H000285,6,15,No,Pickup
F000286,151,239,No,In-Store
H000287,14,27,Yes,Online
F000288,105,169,No,Pickup
H000289,6,9,No,In-Store
E000290,42,101,No,In-Store
H000291,22,59,Yes,In-Store
H000292,26,59,No,In-Store
F000293,142,168,Yes,Pickup
H000294,17,60,Yes,In-Store
H000295,19,49,No,In-Store
H000296,23,66,No,Online
F000297,22,33,No,Online
E000298,1,2,No,In-Store
H000299,8,12,No,In-Store
H000300,6,11,No,In-Store
F000301,49,61,No,In-Store
F000302,97,155,No,Online
H000303,20,76,No,In-Store
F000304,33,59,No,In-Store
F000305,14,15,No,Pickup
F000306,15,28,No,In-Store
H000307,7,22,No,Pickup
H000308,12,40,Yes,In-Store
F000309,17,26,No,In-Store
F000310,196,263,Yes,In-Store
H000311,5,10,No,Online
F000312,11,13,No,In-Store
H000313,6,13,No,In-Store
F000314,53,94,No,Pickup
H000315,7,18,No,Online
H000316,15,24,No,In-Store
H000317,11,27,No,In-Store
F000318,44,71,No,In-Store
H000319,90,248,Yes,Online
F000320,22,35,No,Pickup
H000321,14,19,No,Online
H000322,32,42,No,Pickup
H000323,20,33,Yes,Online
F000324,13,22,Yes,In-Store
H000325,6,17,No,Pickup
F000326,23,37,No,In-Store
F000327,9,11,No,Pickup
F000328,72,138,No,In-Store
F000329,127,232,Yes,In-Store
H000330,13,27,No,In-Store
E000331,1,3,No,Online
F000332,4,7,No,Pickup
F000333,14,23,Yes,In-Store
H000334,13,20,No,Online
H000335,5,8,No,In-Store
F000336,15,22,No,In-Store
F000337,22,31,No,In-Store
F000338,17,31,No,In-Store
F000339,12,15,No,Online
F000340,20,26,No,In-Store
F000342,101,139,No,In-Store
F000343,32,39,No,In-Store
H000344,6,8,No,In-Store
H000345,5,15,No,Pickup
F000346,99,178,No,In-Store
F000347,52,73,No,Pickup
F000348,60,84,No,In-Store
H000349,12,24,No,Online
H000350,2,6,No,In-Store
F000351,6,10,No,Pickup
F000352,19,24,No,In-Store
F000353,33,37,No,In-Store
F000354,29,40,Yes,In-Store
F000355,5,6,No,Online
F000356,44,52,No,In-Store
H000357,10,27,No,Online
F000358,11,21,No,Pickup
E000359,1,4,No,In-Store
F000360,82,111,No,In-Store
F000361,2,3,No,In-Store
H000362,6,14,No,In-Store
H000363,14,22,No,In-Store
F000364,33,42,Yes,In-Store
H000365,22,56,Yes,Pickup
F000366,10,13,No,In-Store
H000367,7,26,No,Online
F000368,3,4,No,In-Store
H000369,15,36,Yes,In-Store
F000370,20,31,Yes,In-Store
H000371,19,29,No,Online
H000372,11,38,No,In-Store
F000373,30,36,Yes,Pickup
H000374,14,31,No,Pickup
F000375,30,36,No,Pickup
F000376,95,136,No,In-Store
F000377,18,29,Yes,In-Store
H000378,4,10,No,Online
F000379,12,21,No,Pickup
F000380,34,47,No,In-Store
H000381,30,59,No,In-Store
F000382,43,77,No,Pickup
F000383,20,25,Yes,Online
F000384,5,9,No,In-Store
E000385,1,2,No,Online
H000386,2,3,No,In-Store
F000387,14,22,No,In-Store
F000388,64,72,No,Pickup
H000389,11,23,Yes,Online
H000390,14,54,No,In-Store
F000391,13,22,No,In-Store
H000392,22,38,No,Online
H000393,14,24,No,Online
H000394,69,176,Yes,Pickup
F000395,88,145,No,In-Store
F000396,7,12,No,Online
E000397,1,4,No,Online
F000398,14,18,No,In-Store
F000399,101,145,No,In-Store
F000400,49,63,No,In-Store
F000401,57,103,Yes,Online
F000402,99,148,No,In-Store
H000403,35,87,Yes,Pickup
F000404,87,104,No,In-Store
F000405,14,16,Yes,In-Store
H000406,8,13,No,In-Store
F000407,46,84,No,Pickup
H000408,12,19,No,Online
F000409,4,5,No,In-Store
H000410,35,92,No,Pickup
H000411,39,67,No,Pickup
E000412,2,7,No,Online
F000413,42,47,Yes,Pickup
F000414,126,189,No,In-Store
H000415,46,113,Yes,Pickup
H000416,8,24,No,Online
F000417,22,39,No,In-Store
H000418,6,14,No,In-Store
H000419,10,25,No,In-Store
F000420,67,82,Yes,Online
H000421,2,5,No,In-Store
F000422,28,54,No,In-Store
H000423,8,14,No,Pickup
F000424,32,43,No,Online
F000425,20,33,No,In-Store
H000426,9,14,Yes,Pickup
F000427,35,61,No,Online
H000428,17,40,No,Online
E000429,5,20,No,Online
H000430,6,17,No,Online
E000431,1,4,No,Online
H000432,35,64,No,In-Store
H000433,17,62,No,In-Store
F000434,216,262,No,In-Store
F000435,46,70,No,In-Store
F000436,8,9,No,In-Store
F000437,15,19,No,In-Store
H000438,28,56,Yes,Pickup
F000439,10,11,No,In-Store
F000440,8,9,No,In-Store
H000441,18,59,No,Online
F000442,51,63,Yes,In-Store
H000443,10,23,No,Pickup
F000444,12,17,No,In-Store
F000445,13,22,No,Pickup
H000446,4,7,No,In-Store
F000447,16,19,No,In-Store
F000448,22,33,Yes,Pickup
F000449,22,38,No,In-Store
F000450,2,3,No,In-Store
F000451,36,64,No,Pickup
H000452,11,27,No,In-Store
F000453,37,70,No,In-Store
F000454,79,114,No,Online
F000455,20,39,No,In-Store
H000456,11,23,No,Online
F000457,229,309,Yes,In-Store
F000458,9,13,No,In-Store
H000459,20,36,No,In-Store
F000460,57,85,Yes,In-Store
H000461,5,12,No,Online
F000462,13,17,No,In-Store
F000463,33,40,Yes,In-Store
F000464,37,54,No,In-Store
H000465,5,12,No,Pickup
F000466,18,29,No,In-Store
H000467,5,13,No,Online
H000468,7,20,No,In-Store
F000469,66,125,No,Pickup
H000470,9,23,No,In-Store
F000471,55,105,Yes,In-Store
H000472,21,28,No,In-Store
F000473,38,66,No,Pickup
E000474,1,3,No,Online
F000475,7,8,No,Pickup
H000476,1,3,No,Online
F000477,14,18,No,In-Store
H000478,11,15,No,In-Store
H000479,36,48,No,In-Store
H000480,23,37,No,In-Store
H000481,35,46,No,Online
H000482,11,22,Yes,Pickup
H000483,10,19,No,In-Store
F000484,3,4,No,In-Store
F000485,37,46,No,In-Store
H000486,27,63,No,In-Store
H000487,8,19,No,In-Store
F000488,27,40,No,In-Store
F000489,23,31,No,In-Store
F000490,135,257,No,In-Store
F000491,69,131,No,In-Store
F000492,13,18,No,Pickup
F000493,70,126,No,In-Store
H000494,30,64,No,In-Store
F000495,29,40,No,In-Store
F000496,31,45,No,Pickup
H000497,30,102,Yes,In-Store
F000498,29,51,No,Pickup
H000499,29,60,No,In-Store
F000500,17,27,No,In-Store
H000501,37,75,No,Pickup
H000502,3,5,No,In-Store
H000503,22,45,No,Pickup
E000504,3,14,No,Online
F000505,71,82,No,In-Store
H000506,4,15,No,Pickup
F000507,109,183,No,In-Store
E000508,2,8,No,Online
H000509,5,13,No,Pickup
F000510,17,31,No,In-Store
H000511,9,16,No,Online
H000512,12,33,No,In-Store
F000513,16,22,No,In-Store
H000514,23,57,No,Pickup
H000515,19,40,No,Pickup
F000516,8,12,No,Online
F000517,29,34,No,Online
H000518,2,6,No,In-Store
F000519,53,92,No,In-Store
F000520,17,29,No,Pickup
F000521,16,29,No,In-Store
F000522,14,23,No,In-Store
H000523,9,21,Yes,Pickup
H000524,7,17,No,In-Store
H000525,11,28,No,In-Store
F000526,17,18,Yes,In-Store
F000527,5,8,No,Pickup
F000528,27,30,No,Pickup
H000529,4,9,No,In-Store
F000530,24,31,No,Online
H000531,3,7,No,Online
F000532,29,53,No,Pickup
H000533,2,7,No,Online
F000534,62,120,No,In-Store
H000535,2,3,No,Online
H000536,7,9,No,Pickup
H000537,13,36,Yes,Online
F000538,5,6,No,In-Store
H000539,19,41,No,Pickup
E000540,1,2,No,Online
H000541,15,52,No,In-Store
F000542,24,27,No,In-Store
F000543,7,8,No,Online
F000544,8,12,No,Pickup
H000545,41,102,Yes,Online
F000546,23,37,No,Pickup
F000547,9,12,No,In-Store
E000548,1,4,No,Online
F000549,53,61,No,In-Store
H000550,18,30,No,Online
H000551,13,25,Yes,In-Store
F000552,4,5,No,Online
F000553,17,28,Yes,In-Store
H000554,8,16,No,In-Store
H000555,77,228,No,Online
H000556,2,4,No,Online
F000557,40,64,Yes,In-Store
F000558,6,7,No,In-Store
H000559,1,2,No,Pickup
F000560,305,463,Yes,Pickup
H000561,4,10,No,In-Store
H000562,8,23,No,In-Store
F000563,134,184,Yes,In-Store
H000564,78,117,Yes,Online
F000565,447,492,Yes,In-Store
F000566,53,102,Yes,Pickup
H000567,3,9,No,Online
F000568,8,12,No,In-Store
H000569,31,40,No,In-Store
F000570,6,9,Yes,Pickup
F000571,86,124,No,In-Store
F000572,20,28,No,Online
F000573,40,79,No,Pickup
F000574,22,41,No,Pickup
F000575,37,48,Yes,In-Store
F000576,4,5,No,Online
F000577,14,16,No,In-Store
H000578,13,26,No,In-Store
H000579,6,8,No,In-Store
F000580,27,31,No,In-Store
H000581,12,41,No,In-Store
F000582,36,48,No,In-Store
F000583,10,12,No,In-Store
F000584,42,51,No,Pickup
H000585,3,10,No,In-Store
H000586,20,58,No,In-Store
H000587,12,35,No,Pickup
F000588,59,96,No,In-Store
H000589,13,33,No,Pickup
H000590,21,29,No,Pickup
H000591,4,8,No,In-Store
H000592,2,3,No,In-Store
H000593,7,18,No,In-Store
H000594,5,14,No,Online
H000595,7,17,No,In-Store
F000596,48,58,No,In-Store
H000597,89,128,No,In-Store
F000598,8,15,No,Pickup
F000599,7,9,No,Online
H000600,8,18,No,In-Store
F000601,5,9,No,Pickup
F000602,46,85,Yes,In-Store
F000603,19,32,No,In-Store
H000604,8,11,No,In-Store
F000605,38,49,No,In-Store
H000606,10,20,Yes,Online
F000607,35,67,Yes,In-Store
F000608,63,88,Yes,In-Store
H000609,37,51,Yes,Pickup
F000610,53,69,No,In-Store
F000611,79,125,No,In-Store
F000612,4,5,No,Pickup
H000613,2,3,No,Pickup
H000614,12,32,Yes,In-Store
H000615,6,13,No,In-Store
H000616,5,18,No,Pickup
H000617,53,76,Yes,In-Store
H000618,29,81,No,In-Store
F000619,17,30,No,In-Store
H000620,19,27,No,Online
H000621,7,26,No,Online
E000622,2,6,No,Online
F000623,15,28,No,In-Store
H000624,79,205,No,Online
H000625,5,10,No,In-Store
H000626,4,9,No,In-Store
H000627,5,8,No,In-Store
H000628,2,4,No,In-Store
F000629,58,99,Yes,In-Store
F000630,18,33,No,In-Store
F000631,21,39,No,In-Store
F000632,15,29,No,Pickup
H000633,8,15,No,Pickup
E000634,1,3,No,Online
F000635,13,24,No,In-Store
F000636,12,21,No,Pickup
F000637,33,48,No,Pickup
F000638,29,52,No,In-Store
F000639,17,28,No,In-Store
H000640,20,54,No,In-Store
H000641,16,42,Yes,In-Store
F000642,6,9,No,In-Store
H000643,25,48,Yes,In-Store
F000644,56,102,Yes,In-Store
F000645,19,25,Yes,In-Store
F000646,30,43,No,In-Store
F000647,4,6,No,In-Store
H000648,70,133,Yes,In-Store
H000649,8,22,No,Online
H000650,11,17,No,In-Store
F000651,39,68,No,Online
H000652,16,24,Yes,In-Store
F000653,32,37,No,In-Store
F000654,27,30,No,In-Store
H000655,28,91,Yes,Pickup
H000656,5,14,No,Online
H000657,7,23,No,Pickup
F000658,17,25,No,Pickup
H000659,11,27,No,In-Store
H000660,2,6,No,Online
F000661,15,16,No,In-Store
H000662,5,14,No,In-Store
F000663,26,48,No,Pickup
F000664,4,7,No,In-Store
F000665,39,55,No,In-Store
F000666,44,70,No,Pickup
H000667,2,6,No,In-Store
H000668,7,11,No,In-Store
F000669,70,121,Yes,Online
F000670,110,186,No,In-Store
H000671,7,15,Yes,In-Store
F000672,29,39,Yes,In-Store
F000673,39,55,Yes,In-Store
F000674,69,84,No,In-Store
F000675,7,12,No,In-Store
H000676,8,30,No,Online
F000677,23,26,No,In-Store
F000678,16,20,No,Online
F000679,32,55,No,In-Store
F000680,1,2,No,In-Store
F000681,28,44,No,In-Store
F000682,77,96,No,In-Store
F000683,17,21,No,In-Store
F000684,5,7,No,In-Store
E000685,1,3,No,Online
H000686,5,8,No,Online
H000687,12,35,No,In-Store
F000688,36,61,No,In-Store
E000689,2,5,No,In-Store
F000690,35,58,Yes,In-Store
F000691,144,260,Yes,Online
H000692,5,16,No,In-Store
H000693,8,16,No,In-Store
F000694,6,11,No,In-Store
F000695,2,3,No,In-Store
H000696,6,11,No,In-Store
F000697,236,292,No,Pickup
H000698,43,111,No,In-Store
F000699,10,16,No,In-Store
F000700,121,181,No,Pickup
H000701,7,18,No,Online
F000702,16,29,Yes,In-Store
F000703,49,64,Yes,In-Store
F000704,21,39,No,Pickup
H000705,4,6,No,In-Store
H000706,7,12,No,Online
H000707,4,10,No,In-Store
H000708,6,12,No,Online
F000709,25,49,No,Online
F000710,51,100,Yes,Pickup
F000711,14,16,No,In-Store
H000712,13,36,No,In-Store
H000713,2,3,No,In-Store
F000714,19,37,No,In-Store
H000715,18,44,No,In-Store
H000716,1,3,No,Online
F000717,45,58,No,In-Store
H000718,19,53,No,In-Store
H000719,27,79,No,Online
F000720,16,18,Yes,Pickup
H000721,10,24,No,In-Store
H000722,10,14,No,In-Store
F000723,74,112,No,In-Store
F000724,9,16,No,In-Store
E000725,6,12,No,Online
F000726,7,8,No,Pickup
F000727,2,3,No,In-Store
H000728,7,16,No,In-Store
H000729,2,3,No,In-Store
H000730,6,9,No,Online
H000731,5,16,No,Online
H000732,23,67,No,Pickup
F000733,14,21,No,Pickup
F000734,12,17,No,In-Store
F000735,13,16,No,In-Store
H000736,15,24,No,Online
F000737,9,15,No,In-Store
H000738,10,24,No,Pickup
F000739,48,82,No,Pickup
F000740,26,32,No,Online
F000741,8,9,No,In-Store
F000742,4,5,No,In-Store
F000743,30,34,No,Online
F000744,37,63,Yes,In-Store
F000745,81,101,No,In-Store
F000746,16,22,No,In-Store
F000747,64,84,Yes,In-Store
F000748,4,6,No,In-Store
F000749,18,34,No,In-Store
H000750,2,6,No,Online
E000751,1,4,No,Online
H000752,5,16,Yes,Online
F000753,18,23,No,Online
H000754,8,10,No,Online
F000755,21,28,No,In-Store
F000756,38,65,No,Pickup
F000757,10,15,No,In-Store
E000758,1,4,No,Online
H000759,26,71,No,Pickup
E000760,2,9,No,In-Store
F000761,11,14,No,Pickup
H000762,12,24,No,Online
H000763,32,71,No,In-Store
H000764,26,62,No,In-Store
F000765,21,36,No,In-Store
F000766,43,81,No,Pickup
F000767,42,67,No,In-Store
F000768,67,75,No,In-Store
H000769,15,43,No,Pickup
H000770,15,33,No,In-Store
H000771,10,28,No,In-Store
F000772,12,17,Yes,In-Store
F000773,14,15,No,Pickup
F000774,150,280,Yes,In-Store
H000775,11,30,No,Pickup
F000776,13,19,No,In-Store
H000777,8,17,No,In-Store
F000778,30,54,No,In-Store
F000779,50,73,Yes,Online
H000780,17,38,No,In-Store
F000781,22,36,No,In-Store
H000782,5,14,No,In-Store
F000783,42,62,No,Pickup
H000784,5,11,No,In-Store
H000785,47,83,No,Pickup
H000786,7,14,No,In-Store
H000787,15,35,No,In-Store
H000788,47,134,Yes,Online
H000789,11,16,No,In-Store
F000790,25,47,Yes,In-Store
H000791,21,46,Yes,Online
F000792,7,10,No,In-Store
H000793,18,50,No,In-Store
F000794,48,72,No,In-Store
E000795,1,4,No,Online
F000796,5,8,No,In-Store
F000797,51,73,No,In-Store
F000798,10,18,No,In-Store
E000799,8,36,No,Online
F000800,72,120,No,Online
F000801,1,2,No,In-Store
H000802,9,16,No,Pickup
H000803,4,11,No,Online
H000804,18,48,No,In-Store
H000805,7,11,No,Pickup
F000806,27,35,No,In-Store
H000807,44,156,No,In-Store
F000808,20,39,No,In-Store
H000809,7,15,No,Online
E000810,1,2,No,Online
H000811,36,50,Yes,Pickup
F000812,4,7,No,In-Store
E000814,1,2,No,In-Store
F000815,42,67,No,In-Store
H000816,15,23,No,Pickup
F000817,25,39,No,In-Store
E000818,1,4,No,In-Store
H000819,23,32,No,In-Store
F000820,18,28,No,In-Store
F000821,245,450,No,In-Store
H000822,13,25,No,Pickup
F000823,13,19,No,In-Store
H000824,24,49,No,Online
F000825,5,8,No,Pickup
F000826,40,67,No,In-Store
F000827,8,13,No,Pickup
F000828,68,96,No,In-Store
F000829,10,14,No,In-Store
H000830,6,12,No,Pickup
H000831,20,57,No,In-Store
F000832,4,6,No,In-Store
F000833,27,40,No,Online
E000834,1,2,No,Online
F000835,74,102,No,In-Store
F000836,34,63,No,Pickup
F000837,7,12,No,In-Store
F000838,15,20,No,In-Store
H000839,4,7,No,In-Store
F000840,29,33,No,Pickup
F000841,5,6,No,In-Store
E000842,4,11,No,Pickup
F000843,10,18,No,Pickup
F000844,51,95,No,In-Store
H000845,14,31,No,Pickup
H000846,9,25,No,Pickup
F000847,15,26,No,In-Store
F000848,17,29,No,Pickup
H000849,5,13,No,Online
F000850,13,19,No,In-Store
H000851,26,63,Yes,In-Store
F000852,12,14,No,In-Store
F000853,7,12,No,In-Store
E000854,1,4,No,Online
H000855,10,13,No,In-Store
F000856,8,13,No,Pickup
H000857,6,18,No,In-Store
F000858,8,9,No,Online
H000859,5,11,No,In-Store
H000860,4,13,No,In-Store
F000861,25,28,No,In-Store
F000862,308,602,No,In-Store
H000863,10,20,No,In-Store
F000864,37,46,No,In-Store
H000865,18,43,No,In-Store
H000866,15,26,No,Online
F000867,16,21,No,In-Store
H000868,2,5,No,In-Store
H000869,47,84,Yes,In-Store
F000870,24,39,No,In-Store
F000871,65,78,No,Online
F000872,40,56,No,In-Store
H000873,12,28,No,In-Store
F000874,20,35,No,In-Store
H000875,21,80,No,In-Store
F000876,5,6,Yes,In-Store
F000877,54,106,No,Online
F000878,103,122,Yes,In-Store
H000879,4,9,No,Pickup
H000880,1,3,No,Pickup
E000881,1,2,No,Online
H000882,4,6,No,In-Store
F000883,43,80,No,In-Store
H000884,13,26,No,Pickup
F000885,11,20,No,Pickup
F000886,16,24,Yes,In-Store
F000887,14,17,No,In-Store
E000888,1,4,No,Online
F000889,6,9,No,In-Store
F000890,9,11,No,In-Store
F000891,20,24,No,In-Store
F000892,28,48,No,Pickup
F000893,102,141,Yes,In-Store
H000894,30,71,Yes,Online
F000895,15,19,No,In-Store
F000896,4,6,No,Online
H000897,5,11,No,In-Store
F000898,14,27,No,Pickup
F000899,6,11,No,In-Store
F000900,32,41,No,In-Store
F000901,20,24,No,In-Store
F000902,26,31,No,In-Store
H000903,10,28,No,Pickup
F000904,8,15,No,In-Store
F000905,31,50,No,In-Store
H000906,5,14,No,Online
F000907,50,59,Yes,In-Store
H000908,3,4,No,In-Store
F000909,20,24,Yes,In-Store
F000910,13,16,No,In-Store
H000911,8,25,No,In-Store
F000912,38,61,No,In-Store
F000913,201,269,No,Online
F000914,31,42,No,In-Store
H000915,4,6,Yes,In-Store
F000916,10,16,No,In-Store
H000917,13,21,No,In-Store
F000918,134,250,No,In-Store
F000919,13,18,No,Online
F000920,228,369,Yes,In-Store
F000921,80,99,Yes,In-Store
F000922,46,80,Yes,In-Store
H000923,29,38,No,Online
F000924,152,271,Yes,In-Store
F000925,10,13,No,In-Store
F000926,11,19,No,Pickup
H000927,15,31,No,In-Store
H000928,7,21,No,In-Store
H000929,5,13,No,Pickup
F000930,14,21,No,In-Store
F000931,55,69,Yes,In-Store
H000932,1,2,No,Online
F000933,10,16,No,Online
H000934,10,23,No,In-Store
F000935,23,43,No,Pickup
F000936,59,76,No,In-Store
H000937,3,6,No,Online
H000938,101,317,Yes,In-Store
F000939,32,53,No,In-Store
F000940,7,11,No,In-Store
H000941,22,84,Yes,In-Store
H000942,2,4,No,In-Store
H000943,17,50,Yes,Online
E000944,2,7,No,In-Store
H000945,63,128,Yes,In-Store
F000946,2,3,No,In-Store
H000947,4,10,No,Online
F000948,10,13,Yes,Online
F000949,19,29,No,In-Store
H000950,12,21,No,Online
H000951,12,45,No,Pickup
H000952,2,4,No,In-Store
F000953,10,14,Yes,Pickup
H000954,27,40,Yes,In-Store
H000955,13,23,No,Online
H000956,6,11,No,Online
F000957,19,22,No,Pickup
F000958,178,207,Yes,In-Store
F000959,18,25,No,In-Store
H000960,13,33,No,In-Store
F000961,25,42,No,In-Store
H000962,12,46,No,In-Store
F000963,20,32,No,Pickup
F000964,36,58,No,Pickup
F000965,26,49,No,In-Store
H000966,65,246,No,Online
H000967,5,9,No,Pickup
E000968,1,2,No,Online
F000969,31,49,No,In-Store
F000970,20,31,No,In-Store
F000971,20,23,No,Pickup
H000972,1,2,No,In-Store
H000973,13,26,No,Pickup
H000974,8,21,No,In-Store
E000975,1,2,No,In-Store
H000976,24,31,Yes,In-Store
H000977,3,6,No,Online
F000978,16,25,No,In-Store
F000979,7,8,No,Pickup
H000980,3,6,No,In-Store
F000981,31,47,No,In-Store
F000982,20,22,No,In-Store
F000983,31,48,No,In-Store
H000984,11,23,No,In-Store
H000985,6,16,No,In-Store
F000986,8,14,No,In-Store
H000987,16,30,No,Pickup
H000988,11,38,No,In-Store
H000989,10,15,No,Pickup
F000990,49,77,Yes,Pickup
F000991,7,9,No,In-Store
F000992,29,32,No,In-Store
H000993,61,92,Yes,In-Store
F000994,311,413,Yes,In-Store
H000995,74,138,No,In-Store
F000996,15,24,No,In-Store
E000997,4,14,No,Pickup
F000998,69,124,Yes,Online
H000999,11,28,No,In-Store
H001000,27,77,No,In-Store
H001001,8,23,No,Pickup
E001002,1,3,No,Online
H001003,75,282,No,Pickup
F001004,19,31,No,In-Store
F001005,4,5,No,In-Store
H001006,18,51,No,In-Store
H001007,5,8,No,In-Store
H001008,1,2,No,In-Store
F001009,14,27,No,Online
F001010,12,21,No,In-Store
H001011,73,183,Yes,Online
H001012,15,31,No,In-Store
H001013,2,3,No,Online
H001014,10,15,No,In-Store
F001015,49,60,No,In-Store
H001016,25,66,No,Online
H001017,12,17,No,In-Store
H001018,10,13,No,Pickup
F001019,108,168,Yes,Pickup
F001020,54,88,No,Online
F001021,15,24,No,In-Store
H001022,19,30,No,Online
H001023,3,11,No,Online
F001024,7,9,No,In-Store
F001025,6,9,No,Pickup
F001026,34,65,Yes,In-Store
F001027,19,28,No,In-Store
H001028,5,14,No,In-Store
F001029,23,35,Yes,Pickup
F001030,46,75,No,In-Store
F001031,52,62,No,Online
F001032,27,32,No,In-Store
H001033,12,35,No,Pickup
H001034,7,14,No,Pickup
H001035,5,13,No,In-Store
F001036,41,64,No,In-Store
F001037,195,231,Yes,In-Store
F001038,16,25,No,In-Store
F001039,44,87,Yes,In-Store
F001040,11,16,No,Pickup
H001041,7,19,No,In-Store
F001042,12,15,No,In-Store
H001043,9,23,No,Online
H001044,7,9,Yes,In-Store
H001045,4,9,No,Online
H001046,2,3,No,Pickup
F001047,42,50,No,Online
F001048,50,92,Yes,In-Store
F001049,174,307,No,In-Store
H001050,3,7,No,Pickup
H001051,66,190,No,Pickup
H001052,9,15,No,Online
F001053,22,33,No,In-Store
E001054,1,3,No,In-Store
F001055,180,290,No,Online
H001056,17,36,No,In-Store
F001057,23,29,No,In-Store
H001058,25,66,No,In-Store
F001059,41,51,No,In-Store
H001060,2,5,No,Pickup
F001061,86,107,Yes,In-Store
F001062,25,34,No,Pickup
F001063,35,53,No,In-Store
F001064,155,186,Yes,Pickup
F001065,39,58,No,In-Store
H001066,7,18,No,Pickup
F001067,8,11,No,In-Store
F001068,6,7,No,Online
F001069,14,17,No,In-Store
F001070,11,19,No,In-Store
E001071,5,13,No,Online
F001072,32,43,Yes,In-Store
F001073,41,73,No,In-Store
H001074,18,35,No,In-Store
H001075,6,14,No,Online
F001076,28,54,No,In-Store
F001077,98,194,No,In-Store
F001078,20,29,No,In-Store
F001079,8,13,Yes,In-Store
F001080,8,12,No,In-Store
H001081,3,9,No,Pickup
F001082,11,13,No,In-Store
E001083,1,2,No,In-Store
F001084,12,17,No,In-Store
H001085,9,14,No,In-Store
F001086,26,30,Yes,In-Store
H001087,1,3,No,In-Store
F001088,96,146,No,Pickup
F001089,8,15,No,Pickup
H001090,15,48,No,Online
F001091,14,17,No,In-Store
F001092,26,51,No,Pickup
H001093,3,6,No,Pickup
H001094,11,14,No,Pickup
H001095,18,49,Yes,In-Store
F001096,73,98,No,In-Store
F001097,11,15,No,Pickup
H001098,4,7,No,Online
H001099,7,12,No,Online
F001100,3,4,No,In-Store
F001101,6,7,No,In-Store
H001102,16,39,No,In-Store
H001103,5,13,No,In-Store
F001104,8,14,No,In-Store
H001105,59,107,No,In-Store
H001106,10,28,Yes,In-Store
F001107,53,88,No,Pickup
H001108,13,24,Yes,Online
F001109,10,13,No,In-Store
H001110,19,51,No,In-Store
F001111,13,24,No,Pickup
H001112,12,19,No,In-Store
F001113,95,179,No,In-Store
E001114,6,18,No,In-Store
H001115,1,2,No,In-Store
F001116,11,18,No,In-Store
F001117,24,37,No,In-Store
H001118,7,14,No,Online
H001119,6,12,No,In-Store
F001120,14,15,No,In-Store
H001121,46,100,Yes,In-Store
F001122,14,20,No,In-Store
H001123,9,26,No,In-Store
H001124,2,5,No,In-Store
F001125,30,39,No,Online
F001126,4,5,No,Pickup
H001127,19,54,No,Pickup
H001128,6,12,No,In-Store
H001129,1,2,No,In-Store
F001130,7,10,No,Pickup
H001131,55,76,No,Pickup
F001132,18,27,No,In-Store
F001133,25,34,No,Pickup
F001134,20,28,No,In-Store
H001135,1,3,No,Online
F001136,71,131,Yes,In-Store
H001137,4,7,No,Online
H001138,3,8,No,Online
F001139,6,7,No,Pickup
H001140,2,3,No,Pickup
H001141,8,20,No,Pickup
F001142,30,41,No,Pickup
H001143,15,37,No,In-Store
H001144,7,11,No,Online
F001145,9,12,No,Pickup
H001146,17,43,No,Pickup
F001147,54,80,Yes,In-Store
F001148,29,49,Yes,In-Store
H001149,7,14,No,In-Store
F001150,37,61,No,Pickup
F001151,4,5,No,In-Store
F001152,11,16,No,In-Store
H001153,12,36,No,Online
F001154,26,30,No,In-Store
F001155,14,17,No,In-Store
H001156,6,7,No,In-Store
F001157,7,9,No,In-Store
F001158,26,51,No,In-Store
H001159,7,18,No,Pickup
F001160,20,24,No,In-Store
H001161,7,22,No,In-Store
E001162,7,23,No,Online
E001163,3,6,No,Online
F001164,30,53,No,In-Store
F001165,34,41,No,In-Store
F001166,59,90,No,In-Store
F001167,23,27,No,In-Store
F001168,53,91,Yes,In-Store
H001169,21,43,No,In-Store
H001170,5,6,No,In-Store
F001171,22,33,No,In-Store
F001172,45,67,Yes,In-Store
H001173,25,58,No,Online
H001174,7,13,No,Pickup
F001175,143,215,Yes,In-Store
E001176,1,2,No,Pickup
F001177,27,43,No,In-Store
H001178,9,12,No,In-Store
E001179,9,22,No,Online
H001180,30,82,No,In-Store
F001181,114,208,Yes,In-Store
F001182,177,341,No,Pickup
F001183,104,124,Yes,In-Store
H001184,18,53,No,Online
F001185,19,24,No,In-Store
F001186,30,53,No,In-Store
H001187,5,7,No,Online
F001188,90,162,Yes,In-Store
H001189,17,49,Yes,In-Store
F001190,18,25,No,Online
H001191,14,38,No,Online
H001192,13,25,No,Pickup
F001193,378,542,Yes,In-Store
H001194,22,62,No,In-Store
H001195,8,24,No,Pickup
F001196,18,23,No,Pickup
F001197,7,10,No,In-Store
F001198,6,10,No,In-Store
F001199,12,23,No,Pickup
F001200,5,6,No,Pickup
F001201,22,38,No,In-Store
H001202,5,15,No,Online
H001203,8,18,No,In-Store
E001204,3,12,Yes,In-Store
H001205,18,32,No,In-Store
H001206,13,32,No,In-Store
F001207,26,40,Yes,In-Store
H001208,1,2,No,Online
E001209,1,4,No,Online
H001210,55,155,No,In-Store
F001211,18,35,No,In-Store
F001212,56,86,No,In-Store
F001213,17,22,No,In-Store
H001214,8,12,No,In-Store
H001215,10,26,No,Online
H001216,10,24,No,Online
F001217,7,11,No,Online
F001218,49,97,No,Pickup
H001219,8,22,No,Pickup
H001220,1,2,No,Online
H001221,17,47,No,In-Store
F001222,10,14,No,In-Store
F001223,31,44,No,In-Store
H001224,5,10,No,Online
H001225,73,151,Yes,In-Store
F001226,13,21,No,In-Store
F001227,47,67,No,In-Store
F001228,47,64,Yes,In-Store
H001229,18,55,No,Online
F001230,14,27,No,In-Store
F001231,68,116,No,Online
H001232,18,53,No,In-Store
F001233,94,139,Yes,In-Store
H001234,8,23,No,Pickup
F001235,16,23,No,In-Store
F001236,27,35,No,In-Store
F001237,14,21,No,In-Store
H001238,3,5,No,In-Store
H001239,5,9,No,Pickup
F001240,38,75,Yes,In-Store
H001241,17,40,No,Online
H001242,4,8,No,In-Store
F001243,32,62,No,In-Store
F001244,10,12,No,Pickup
F001245,9,17,No,Online
F001246,24,40,No,Pickup
H001247,3,6,No,Online
F001248,41,78,No,In-Store
H001249,7,22,No,Pickup
H001250,10,24,Yes,Online
H001251,16,21,Yes,In-Store
H001252,4,8,No,In-Store
H001253,10,24,No,Online
F001254,15,23,No,In-Store
H001255,13,21,No,Online
F001256,30,50,No,In-Store
F001257,67,109,Yes,In-Store
F001258,97,188,No,Pickup
F001259,29,55,No,In-Store
F001260,23,41,No,In-Store
F001261,106,210,Yes,In-Store
E001262,1,2,No,Online
F001263,61,116,No,Pickup
F001264,18,30,No,In-Store
F001265,68,125,No,In-Store
H001266,4,9,No,Pickup
H001267,9,18,No,Pickup
H001268,6,12,No,In-Store
F001269,47,83,No,Online
F001270,7,10,No,In-Store
E001271,1,3,No,In-Store
H001272,12,22,No,In-Store
F001273,59,72,Yes,Pickup
H001274,1,2,No,In-Store
F001275,30,58,Yes,In-Store
F001276,5,6,No,In-Store
F001277,88,145,Yes,In-Store
F001278,53,104,Yes,In-Store
F001279,19,25,No,In-Store
H001280,3,7,No,Online
E001281,1,2,No,Online
F001282,13,20,No,Pickup
F001283,8,9,No,In-Store
F001284,22,29,No,In-Store
F001285,39,75,Yes,Pickup
E001286,34,129,No,Pickup
H001287,19,52,No,Pickup
H001288,8,13,No,In-Store
H001289,31,80,No,In-Store
H001290,14,25,No,Pickup
F001291,47,81,Yes,In-Store
H001292,33,61,No,In-Store
E001293,3,13,No,In-Store
H001294,4,9,No,In-Store
F001295,18,26,Yes,In-Store
F001296,2,3,No,In-Store
F001297,156,260,Yes,In-Store
F001298,80,144,No,In-Store
F001299,19,28,No,In-Store
F001300,13,21,No,Pickup
F001301,2,3,No,In-Store
F001302,201,399,No,Pickup
F001303,32,42,No,Online
F001304,41,46,No,Pickup
F001305,88,139,No,In-Store
F001306,47,74,Yes,In-Store
H001307,25,77,No,In-Store
F001308,23,45,No,Pickup
F001309,253,402,Yes,Pickup
F001310,6,7,No,Pickup
H001311,2,5,No,Pickup
H001312,34,82,Yes,In-Store
F001313,10,15,No,Pickup
F001314,32,42,Yes,Online
H001315,5,15,No,Online
F001316,27,29,No,Online
H001317,7,12,No,In-Store
F001318,6,8,No,Pickup
H001319,11,17,No,In-Store
H001320,8,30,No,Online
F001321,7,13,No,In-Store
F001322,12,15,No,Online
F001323,15,26,No,Pickup
E001324,5,17,No,Online
F001325,32,40,No,In-Store
F001326,18,22,No,In-Store
F001327,22,37,No,In-Store
H001328,25,69,No,In-Store
H001329,5,9,No,In-Store
H001330,14,22,No,In-Store
F001331,37,57,No,In-Store
H001332,13,27,No,In-Store
H001333,12,25,Yes,In-Store
H001334,1,2,No,In-Store
H001335,8,10,No,In-Store
E001336,2,7,No,Online
F001337,20,25,No,In-Store
H001338,13,35,No,In-Store
F001339,27,52,Yes,In-Store
H001340,6,8,No,In-Store
H001341,33,48,Yes,In-Store
F001342,29,49,No,In-Store
F001343,198,364,No,In-Store
H001344,21,62,No,In-Store
F001345,17,27,No,In-Store
H001346,3,7,No,Online
F001347,42,56,No,In-Store
H001348,21,43,Yes,Pickup
E001349,5,11,No,Online
F001350,9,10,Yes,In-Store
F001351,30,40,No,In-Store
H001352,8,23,No,Pickup
F001353,54,83,No,In-Store
F001354,3,5,No,Pickup
H001355,6,16,No,In-Store
H001356,24,38,Yes,In-Store
H001357,26,58,No,Pickup
H001358,5,18,No,In-Store
H001359,58,122,No,In-Store
H001360,27,41,Yes,Online
F001361,42,81,No,Online
H001362,6,17,No,In-Store
F001363,22,36,No,Pickup
H001364,40,56,No,Online
F001365,40,68,No,In-Store
H001366,17,41,No,In-Store
H001367,94,223,Yes,Pickup
F001368,11,13,No,In-Store
H001369,7,15,No,Online
F001370,72,115,Yes,In-Store
F001371,5,6,No,Online
H001372,9,29,No,In-Store
F001373,26,34,No,In-Store
F001374,29,44,No,Online
F001375,25,42,No,Pickup
F001376,6,7,No,In-Store
F001377,18,27,Yes,Pickup
H001378,15,25,No,In-Store
H001379,23,31,No,In-Store
F001380,5,6,No,In-Store
H001381,80,164,Yes,In-Store
H001382,6,10,No,Online
F001383,12,17,No,In-Store
F001384,5,8,No,In-Store
H001385,12,24,No,In-Store
H001386,8,16,No,Pickup
F001387,8,15,No,In-Store
F001388,27,33,Yes,In-Store
H001389,6,9,No,In-Store
F001390,32,45,No,In-Store
F001391,41,70,Yes,In-Store
F001392,34,56,No,Online
F001393,4,5,No,Pickup
F001394,32,40,No,Pickup
H001395,17,51,No,Pickup
H001396,9,23,No,In-Store
H001397,16,60,No,Online
H001398,26,42,No,In-Store
H001399,32,86,No,In-Store
F001400,24,36,No,In-Store
F001401,33,59,No,Pickup
F001402,81,125,Yes,In-Store
H001403,3,8,No,Online
H001404,2,5,No,Pickup
H001405,14,20,No,In-Store
F001406,9,13,No,Pickup
H001407,50,71,Yes,Pickup
F001408,12,13,No,In-Store
F001409,32,42,No,In-Store
H001410,4,5,No,In-Store
F001411,26,32,No,In-Store
H001412,8,12,No,Online
F001413,63,86,No,Pickup
H001414,57,191,No,Online
H001415,9,20,No,In-Store
F001416,256,301,Yes,Online
F001417,286,438,No,In-Store
H001418,2,4,No,In-Store
H001419,39,112,No,Online
H001420,11,17,No,Pickup
H001421,6,15,Yes,Pickup
F001422,19,24,No,Pickup
F001423,9,10,No,In-Store
F001424,29,53,No,In-Store
F001425,89,118,Yes,Pickup
F001426,25,43,No,In-Store
H001427,32,95,No,Pickup
F001428,40,55,No,In-Store
H001429,10,19,No,In-Store
F001430,16,31,No,In-Store
H001431,26,66,No,Pickup
H001432,11,21,No,In-Store
F001433,34,51,No,In-Store
F001434,73,125,No,In-Store
F001435,7,10,No,In-Store
H001436,20,41,No,In-Store
F001437,24,38,No,In-Store
F001438,7,8,No,In-Store
F001439,48,67,No,In-Store
F001440,34,46,No,Pickup
H001441,7,17,No,In-Store
H001442,24,52,Yes,In-Store
F001443,15,18,No,Pickup
E001444,1,2,No,Online
H001445,12,29,No,Online
H001446,11,21,No,In-Store
F001447,73,132,Yes,In-Store
H001448,2,5,No,In-Store
F001449,15,20,No,In-Store
F001451,24,28,No,In-Store
F001452,22,34,No,In-Store
F001453,19,26,No,Online
H001454,7,12,No,Pickup
F001455,21,35,No,In-Store
F001456,21,35,No,In-Store
F001457,99,176,No,In-Store
F001458,17,30,Yes,In-Store
H001459,41,119,Yes,Pickup
F001460,22,43,No,Pickup
F001461,21,24,No,Pickup
F001462,9,13,No,In-Store
H001463,6,13,No,Online
H001464,20,37,No,In-Store
F001465,12,14,No,In-Store
H001466,4,12,No,In-Store
F001467,7,9,No,In-Store
F001468,49,68,No,In-Store
H001469,6,15,No,In-Store
F001470,24,39,No,In-Store
F001471,20,38,No,In-Store
F001472,19,30,No,In-Store
H001473,4,12,No,Pickup
F001474,17,29,No,Pickup
F001475,17,29,No,In-Store
F001476,3,5,No,In-Store
H001477,63,177,No,In-Store
F001478,52,59,No,In-Store
F001479,32,43,Yes,In-Store
F001480,163,323,Yes,In-Store
H001481,5,10,No,Pickup
F001482,62,114,Yes,In-Store
H001483,8,19,No,In-Store
H001484,50,155,No,In-Store
F001485,38,66,Yes,In-Store
F001486,58,113,No,In-Store
H001487,2,6,No,Online
H001488,2,4,No,In-Store
F001489,53,98,No,Pickup
H001490,6,11,No,In-Store
H001491,6,12,No,Pickup
H001492,8,10,Yes,In-Store
F001493,18,34,No,Pickup
F001494,10,14,No,In-Store
F001495,31,46,No,In-Store
E001496,1,2,No,Online
E001497,1,3,No,In-Store
H001498,11,19,No,Online
F001499,27,43,No,In-Store
H001500,44,115,Yes,In-Store
F001501,293,335,Yes,In-Store
H001502,12,35,No,In-Store
E001503,1,4,No,Online
F001504,15,23,No,In-Store
H001505,5,14,No,In-Store
H001506,27,46,No,Online
F001507,12,20,No,In-Store
H001508,7,12,Yes,In-Store
F001509,37,50,No,In-Store
F001510,17,19,No,In-Store
H001511,86,197,Yes,Online
F001512,6,9,No,In-Store
F001513,10,11,No,In-Store
H001514,5,16,No,Online
F001515,27,46,Yes,In-Store
H001516,13,31,Yes,In-Store
H001517,23,57,Yes,Pickup
F001518,49,70,No,Online
H001519,7,22,No,In-Store
F001520,12,21,No,In-Store
H001521,4,9,No,Online
E001522,4,9,No,Pickup
E001523,2,8,Yes,Online
H001524,2,5,No,Pickup
H001525,17,40,No,In-Store
F001526,83,108,Yes,In-Store
F001527,37,57,No,Pickup
F001528,50,99,No,In-Store
F001529,49,85,No,In-Store
H001530,2,4,No,In-Store
H001531,5,8,No,Online
F001532,9,14,No,Pickup
H001533,6,10,No,Online
F001534,57,66,Yes,Pickup
E001535,1,4,No,In-Store
F001536,12,18,No,In-Store
F001537,10,11,No,In-Store
F001538,40,49,No,Pickup
H001539,39,105,No,In-Store
F001540,32,47,No,In-Store
F001541,41,78,No,In-Store
H001542,3,11,No,Online
H001543,5,10,No,In-Store
F001544,18,25,No,In-Store
F001545,17,27,No,In-Store
F001546,4,5,No,Online
F001547,6,11,No,In-Store
F001548,6,10,No,Pickup
H001549,31,49,No,Pickup
F001550,28,35,No,Pickup
F001551,5,8,No,In-Store
F001552,40,44,Yes,Pickup
F001553,3,4,No,Pickup
F001554,72,136,Yes,Pickup
H001555,44,107,Yes,Pickup
H001556,4,7,No,Pickup
E001557,4,16,No,Online
H001558,5,9,No,In-Store
F001559,14,25,No,In-Store
H001560,13,34,Yes,Pickup
H001561,13,38,No,In-Store
F001562,16,30,No,In-Store
F001563,36,71,No,In-Store
H001564,4,6,No,Pickup
F001565,12,14,No,In-Store
H001566,5,12,No,In-Store
H001567,45,119,No,In-Store
F001568,4,7,No,In-Store
F001569,24,38,No,In-Store
H001570,9,19,No,In-Store
F001571,14,27,Yes,Online
F001572,16,19,No,In-Store
H001573,15,28,Yes,Online
H001574,12,24,No,In-Store
H001575,11,24,No,Online
F001576,15,27,No,In-Store
H001577,1,3,No,In-Store
F001578,41,53,No,In-Store
H001579,22,36,No,In-Store
H001580,16,41,No,In-Store
F001581,61,88,Yes,Pickup
H001582,9,16,Yes,In-Store
F001583,22,33,No,Online
F001584,12,14,No,In-Store
H001585,2,3,No,In-Store
F001586,241,327,Yes,Pickup
F001587,23,26,No,Pickup
H001588,9,15,No,In-Store
H001589,5,8,No,In-Store
F001590,48,60,No,Pickup
F001591,22,39,Yes,In-Store
F001592,5,9,No,Pickup
F001593,13,19,No,In-Store
F001594,125,245,No,In-Store
H001595,4,10,No,In-Store
H001596,7,19,No,In-Store
F001597,12,23,No,In-Store
H001598,11,31,No,In-Store
F001599,60,82,No,In-Store
H001600,25,71,No,In-Store
F001601,3,4,No,Online
F001602,50,86,No,Pickup
H001603,9,30,No,Online
H001604,9,20,No,Online
H001605,12,28,No,Online
H001606,37,73,Yes,Online
F001607,8,11,No,In-Store
F001608,21,34,No,Pickup
H001609,44,120,No,In-Store
H001610,6,13,No,In-Store
F001611,3,5,No,In-Store
F001612,18,33,No,Pickup
F001613,7,8,No,In-Store
F001614,27,40,No,In-Store
H001615,16,20,No,Pickup
F001616,16,21,Yes,Pickup
H001617,2,7,No,In-Store
H001618,63,154,No,Online
H001619,10,36,No,Online
F001620,55,109,Yes,Pickup
H001621,9,20,Yes,In-Store
H001622,7,10,No,Online
F001623,9,11,Yes,Pickup
F001624,29,55,Yes,In-Store
F001625,32,48,Yes,In-Store
H001626,20,76,No,In-Store
F001627,75,122,Yes,In-Store
F001628,6,11,No,In-Store
F001629,11,15,Yes,Pickup
E001630,9,37,No,Online
F001631,4,5,No,Online
H001632,7,18,No,In-Store
H001633,4,11,No,In-Store
H001634,1,2,No,In-Store
E001635,32,126,No,Online
F001636,20,33,No,In-Store
F001637,8,10,No,Pickup
F001638,4,5,No,Pickup
F001639,7,9,No,In-Store
F001640,40,65,No,In-Store
H001641,5,7,No,Online
F001642,2,3,No,In-Store
H001643,6,13,No,In-Store
F001644,16,28,No,Online
F001645,24,42,Yes,In-Store
F001646,15,28,Yes,In-Store
H001647,15,38,No,In-Store
H001648,4,15,No,In-Store
F001649,4,7,No,Online
H001650,13,26,No,In-Store
F001651,83,143,No,In-Store
F001652,29,33,No,In-Store
H001653,5,11,Yes,Pickup
F001654,7,13,No,Pickup
F001655,93,182,No,In-Store
F001656,23,33,No,Pickup
H001657,56,116,No,In-Store
H001658,11,24,No,In-Store
H001659,5,6,No,Online
F001660,44,71,No,In-Store
F001661,29,40,No,In-Store
H001662,21,61,No,In-Store
F001663,11,14,No,Pickup
H001664,5,11,No,Online
H001665,9,12,No,In-Store
F001666,3,4,No,In-Store
H001667,12,20,No,In-Store
H001668,2,6,Yes,Online
F001669,48,63,No,In-Store
F001670,3,4,No,In-Store
H001671,4,12,No,In-Store
H001672,10,14,No,In-Store
H001673,10,17,No,In-Store
F001674,57,107,Yes,Online
H001675,53,121,Yes,Online
F001676,9,17,No,Pickup
F001677,35,65,No,In-Store
E001678,2,5,No,Online
H001679,8,11,No,Online
H001680,17,46,No,Online
F001681,10,13,Yes,In-Store
F001682,15,23,No,In-Store
F001683,35,49,No,In-Store
H001684,28,70,No,In-Store
F001685,58,105,No,Pickup
H001686,4,7,No,In-Store
F001687,31,50,Yes,In-Store
F001688,46,84,No,Online
F001689,7,13,No,In-Store
F001690,35,62,No,In-Store
F001691,11,17,No,In-Store
E001692,14,66,No,Online
H001693,2,3,No,Online
F001694,68,86,Yes,In-Store
H001695,5,8,No,In-Store
F001696,7,9,No,In-Store
F001697,31,51,No,Pickup
F001698,65,118,Yes,Pickup
F001699,29,40,No,In-Store
H001700,18,41,No,Online
F001701,32,47,No,In-Store
H001702,7,17,No,Pickup
F001703,6,7,No,Online
F001704,43,76,Yes,Pickup
H001705,6,15,No,Online
F001706,16,28,Yes,In-Store
F001707,69,109,No,In-Store
E001708,1,4,No,Online
H001709,4,12,No,Pickup
F001710,18,30,No,In-Store
F001711,54,101,No,In-Store
H001712,6,13,No,Pickup
F001713,15,20,No,In-Store
F001714,40,59,No,Pickup
F001715,23,26,No,In-Store
H001716,6,14,No,In-Store
F001717,10,18,No,Pickup
H001718,17,35,No,Online
H001719,1,3,No,Pickup
F001720,62,115,No,Pickup
F001721,41,45,No,In-Store
F001722,13,22,No,In-Store
F001723,9,15,No,In-Store
H001724,2,7,No,Pickup
F001725,3,5,No,In-Store
H001726,14,46,No,Online
H001727,23,41,No,Pickup
F001728,3,5,No,In-Store
H001729,19,41,No,In-Store
H001730,5,7,No,Online
F001731,15,17,No,In-Store
F001732,207,289,Yes,Pickup
F001733,48,80,No,Pickup
H001734,6,9,No,In-Store
H001735,7,19,No,Online
F001736,6,11,No,Pickup
H001737,7,10,No,Pickup
H001738,8,16,No,In-Store
H001739,8,12,Yes,Pickup
F001740,15,27,No,In-Store
F001741,102,189,Yes,In-Store
H001742,4,5,No,Pickup
H001743,29,73,No,In-Store
E001744,4,11,No,Pickup
F001745,47,53,No,In-Store
H001746,11,21,No,In-Store
H001747,16,43,No,Online
H001748,24,38,No,In-Store
H001749,10,16,No,In-Store
F001750,12,22,No,In-Store
H001751,4,9,No,Online
H001752,15,32,No,In-Store
F001753,16,20,No,Pickup
F001754,22,40,Yes,In-Store
F001755,15,19,No,Online
H001756,20,53,No,In-Store
H001757,1,2,No,Online
E001758,1,2,No,Online
H001759,46,65,Yes,In-Store
H001760,14,24,No,In-Store
H001761,9,16,No,In-Store
F001762,8,15,No,In-Store
F001763,7,10,No,In-Store
H001764,11,42,No,In-Store
F001765,21,30,No,Pickup
H001766,8,16,Yes,In-Store
F001767,1,2,No,Online
H001768,40,132,No,Online
F001769,14,27,No,In-Store
F001770,34,47,No,Online
H001771,10,23,No,In-Store
F001772,33,55,Yes,Online
H001773,22,36,No,Online
F001774,2,3,No,Pickup
H001775,8,13,No,In-Store
H001776,4,6,No,In-Store
F001777,25,45,No,In-Store
F001778,54,106,Yes,Online
F001779,69,90,Yes,In-Store
F001780,47,58,No,In-Store
F001781,8,12,No,In-Store
F001782,4,6,No,Pickup
H001783,57,130,Yes,Pickup
F001784,28,50,No,In-Store
F001785,5,6,No,In-Store
F001786,35,63,Yes,In-Store
F001787,12,20,Yes,Pickup
F001788,13,15,No,In-Store
H001789,1,2,No,Online
F001790,7,8,No,In-Store
F001791,3,4,No,In-Store
F001792,38,70,No,In-Store
H001793,30,58,No,In-Store
F001794,17,27,No,In-Store
F001795,38,57,No,Pickup
F001796,13,18,No,Online
F001797,21,23,No,In-Store
F001798,18,31,No,In-Store
E001799,13,59,No,In-Store
H001800,4,8,No,In-Store
F001801,37,64,Yes,In-Store
E001802,1,2,No,In-Store
F001803,2,3,No,Pickup
H001804,52,92,No,In-Store
H001805,9,19,No,In-Store
H001806,3,5,No,Online
H001807,15,33,No,In-Store
H001808,53,114,No,Pickup
F001809,105,169,Yes,In-Store
F001810,21,34,No,In-Store
F001811,10,13,No,In-Store
H001812,10,29,No,Pickup
H001813,19,55,No,Online
H001814,19,50,No,In-Store
H001815,13,21,No,In-Store
H001816,22,60,No,In-Store
F001817,48,90,Yes,Pickup
H001818,17,26,No,Online
H001819,5,7,No,In-Store
H001820,2,3,No,In-Store
F001821,11,20,No,In-Store
H001822,1,2,No,In-Store
F001823,25,36,Yes,In-Store
F001824,12,23,No,In-Store
H001825,3,7,No,In-Store
F001826,17,26,Yes,In-Store
F001827,36,54,Yes,Online
H001828,19,56,Yes,Online
F001829,42,51,No,Pickup
F001830,28,41,No,Pickup
F001831,217,322,No,In-Store
H001832,14,43,No,Online
F001833,64,114,Yes,In-Store
H001834,51,139,Yes,Pickup
F001835,33,49,No,In-Store
F001836,37,56,No,In-Store
H001837,14,25,No,In-Store
F001838,5,6,No,In-Store
F001839,15,21,No,In-Store
H001840,25,48,Yes,Pickup
H001841,8,11,No,Pickup
F001842,19,33,No,In-Store
F001843,17,21,No,In-Store
H001844,9,30,No,In-Store
H001845,12,39,No,Online
H001846,4,14,No,In-Store
E001847,10,26,Yes,Pickup
F001848,49,76,No,In-Store
H001849,22,43,No,In-Store
H001850,6,8,No,Online
F001851,16,26,No,In-Store
E001852,4,17,No,Online
F001853,191,272,No,In-Store
F001854,26,45,No,Pickup
F001855,16,27,Yes,Online
H001856,15,32,No,Online
F001857,37,62,Yes,In-Store
E001858,2,7,No,In-Store
F001859,19,22,No,Online
H001860,20,55,No,In-Store
F001861,13,15,No,Online
F001862,107,202,No,In-Store
F001863,5,6,No,Online
F001864,59,65,No,In-Store
F001865,17,28,No,Online
F001866,17,26,No,In-Store
F001867,38,47,No,Online
F001868,9,16,No,Pickup
F001869,50,56,Yes,In-Store
F001870,8,14,No,In-Store
F001871,13,21,No,In-Store
F001872,35,54,No,In-Store
F001873,18,30,Yes,In-Store
H001874,5,11,Yes,In-Store
H001875,24,59,No,Pickup
F001876,28,52,No,In-Store
H001877,35,64,No,In-Store
E001878,1,2,No,In-Store
F001879,305,594,Yes,In-Store
E001880,2,9,No,Online
F001881,28,50,No,Pickup
H001882,9,26,No,In-Store
F001883,8,9,No,In-Store
H001884,21,36,No,Pickup
H001885,22,43,No,In-Store
H001886,6,10,No,In-Store
F001887,5,8,No,In-Store
F001888,68,90,Yes,In-Store
E001889,1,3,No,In-Store
H001890,4,8,No,In-Store
H001891,41,71,No,In-Store
H001892,41,100,No,In-Store
H001893,1,3,No,Online
F001894,14,22,No,In-Store
H001895,6,17,No,In-Store
F001896,225,355,Yes,In-Store
F001897,8,11,No,Pickup
H001898,6,14,No,Online
F001899,13,16,No,Pickup
F001900,20,27,No,In-Store
F001901,4,6,No,In-Store
F001902,38,72,No,Pickup
F001903,7,10,No,In-Store
H001904,5,6,No,Pickup
F001905,37,56,No,In-Store
F001906,32,63,No,In-Store
H001907,54,136,No,In-Store
F001908,40,48,No,In-Store
H001909,10,29,No,In-Store
H001910,6,14,No,Pickup
H001911,15,51,Yes,Pickup
H001912,5,8,No,Online
F001913,25,29,No,Pickup
F001914,12,17,No,In-Store
F001915,74,109,No,Pickup
H001916,12,24,No,Online
F001917,9,15,No,In-Store
F001918,3,4,No,In-Store
F001919,6,9,No,In-Store
F001920,18,33,No,Online
F001921,131,221,Yes,In-Store
H001922,80,175,Yes,Online
H001923,24,64,No,In-Store
F001924,57,98,No,In-Store
H001925,2,4,No,Online
F001926,23,35,No,In-Store
F001927,30,42,No,Online
H001928,23,53,Yes,In-Store
E001929,10,21,No,Online
H001930,9,32,No,In-Store
F001931,29,38,Yes,In-Store
H001932,21,48,No,In-Store
H001933,9,17,No,In-Store
H001934,36,129,Yes,In-Store
F001935,3,4,No,In-Store
H001936,9,16,No,In-Store
H001937,3,7,No,Online
H001938,2,4,No,Pickup
F001939,12,17,No,In-Store
F001940,121,141,Yes,In-Store
F001941,48,93,No,In-Store
F001942,15,27,No,In-Store
H001943,35,70,No,In-Store
F001944,6,11,No,In-Store
H001945,21,53,No,Pickup
F001946,41,65,No,In-Store
F001947,8,12,No,In-Store
E001949,1,2,No,Online
F001950,13,25,No,Online
F001951,7,12,No,In-Store
F001952,59,79,No,In-Store
F001953,69,116,Yes,In-Store
F001954,37,72,No,In-Store
E001955,1,3,No,Online
F001956,24,35,No,In-Store
F001957,6,8,No,In-Store
F001958,39,53,No,In-Store
F001959,127,203,Yes,Pickup
H001960,4,7,No,In-Store
F001961,184,285,Yes,In-Store
F001962,30,51,No,Pickup
F001963,9,15,No,In-Store
H001964,3,8,No,Online
H001965,4,9,No,In-Store
H001966,4,5,No,Online
H001967,11,41,No,Online
F001968,63,95,No,In-Store
H001969,8,29,Yes,In-Store
F001970,8,12,No,In-Store
H001971,3,4,No,In-Store
F001972,6,10,No,In-Store
H001973,5,18,No,In-Store
H001974,20,36,No,In-Store
F001975,33,36,Yes,In-Store
F001976,43,79,Yes,In-Store
H001977,5,10,No,In-Store
F001978,30,53,Yes,In-Store
H001979,5,7,No,In-Store
F001980,20,30,No,In-Store
F001981,69,114,Yes,Online
F001982,7,9,No,Pickup
F001983,11,15,No,In-Store
F001984,60,105,No,In-Store
F001985,12,21,No,Pickup
H001986,3,9,No,Pickup
H001987,27,63,No,In-Store
F001988,79,99,Yes,In-Store
F001989,37,72,No,Pickup
F001990,15,26,Yes,In-Store
F001991,12,17,No,In-Store
F001992,29,55,No,In-Store
H001993,13,51,No,In-Store
H001994,9,16,Yes,Online
F001995,37,45,No,In-Store
F001996,9,10,No,In-Store
H001997,1,2,No,In-Store
F001998,29,50,Yes,Pickup
F001999,86,134,No,In-Store
F002000,84,137,No,In-Store
H002001,20,53,No,In-Store
H002002,20,35,Yes,In-Store
H002003,4,7,No,In-Store
H002004,46,62,No,Pickup
F002005,38,42,No,In-Store
F002006,93,127,No,In-Store
E002007,1,4,No,Online
H002008,19,54,No,In-Store
E002009,1,4,No,Online
F002010,32,55,No,In-Store
H002011,3,5,No,In-Store
H002012,7,16,No,In-Store
H002013,10,17,No,In-Store
H002014,8,14,No,In-Store
H002015,43,113,Yes,In-Store
F002016,49,68,No,In-Store
H002017,8,16,No,In-Store
F002018,68,97,No,In-Store
F002019,44,84,No,In-Store
H002020,14,32,No,In-Store
E002021,2,7,No,Online
H002022,8,14,Yes,Pickup
F002023,9,15,No,In-Store
F002024,18,27,No,In-Store
F002025,28,43,No,Pickup
H002026,26,61,No,Online
E002027,1,3,No,In-Store
H002028,22,34,No,In-Store
H002029,14,47,No,Online
H002030,26,47,No,In-Store
F002031,51,75,Yes,Pickup
F002032,33,42,No,In-Store
F002033,34,61,No,Online
F002034,37,52,No,In-Store
F002035,16,28,No,In-Store
H002036,3,8,No,Online
F002037,71,82,Yes,In-Store
F002038,13,16,Yes,Pickup
F002039,5,7,No,Online
H002040,4,6,No,Online
H002041,25,45,No,In-Store
F002042,110,164,Yes,In-Store
F002043,62,113,Yes,In-Store
H002044,28,67,No,In-Store
H002045,10,15,No,Pickup
H002046,25,75,No,In-Store
F002047,9,16,No,In-Store
H002048,3,5,No,Online
F002049,7,8,No,In-Store
H002050,31,77,Yes,In-Store
F002051,36,60,No,In-Store
F002052,26,31,No,In-Store
H002053,2,5,No,In-Store
H002054,14,38,No,In-Store
F002055,114,164,Yes,In-Store
F002056,53,60,No,In-Store
F002057,6,8,No,In-Store
H002058,7,26,No,Online
E002059,5,16,No,Online
H002060,17,34,No,In-Store
F002061,13,20,No,Pickup
F002062,10,15,No,Pickup
H002063,3,10,No,In-Store
F002064,6,8,No,In-Store
H002065,11,22,Yes,In-Store
H002066,12,24,No,Pickup
F002067,77,117,Yes,In-Store
F002068,28,49,No,In-Store
F002069,16,21,No,In-Store
H002070,31,58,No,In-Store
H002071,31,75,No,In-Store
H002072,6,20,No,In-Store
F002073,13,23,No,Pickup
H002074,8,20,No,In-Store
H002075,26,55,No,Pickup
H002076,5,11,No,In-Store
H002077,8,15,No,In-Store
H002078,6,15,No,Online
H002079,20,34,No,Online
H002080,28,63,No,Online
F002081,16,26,No,In-Store
H002082,8,28,No,Online
H002083,17,33,No,Pickup
F002084,15,17,No,In-Store
F002085,16,26,No,Pickup
H002086,53,125,Yes,In-Store
F002087,45,50,Yes,In-Store
H002088,26,85,No,Pickup
F002089,8,10,No,In-Store
E002090,8,35,No,Online
H002091,22,78,Yes,In-Store
H002092,4,8,No,Online
F002093,151,238,No,Pickup
F002094,6,7,Yes,In-Store
F002095,9,17,No,Pickup
F002096,13,17,No,Pickup
F002097,174,309,No,In-Store
H002098,28,51,No,Online
H002099,12,24,No,In-Store
E002100,1,2,No,Online
H002101,10,16,No,In-Store
E002102,3,9,No,Online
H002103,13,25,No,In-Store
F002104,57,83,No,In-Store
F002105,14,21,No,In-Store
H002106,37,94,No,Online
F002107,25,30,No,In-Store
F002108,11,13,No,Online
F002109,55,96,No,In-Store
H002110,5,13,No,In-Store
F002111,8,11,No,Pickup
H002112,47,169,No,Online
H002113,12,35,No,In-Store
H002114,6,16,No,In-Store
F002115,30,52,No,Pickup
F002116,38,64,No,In-Store
F002117,2,3,No,In-Store
F002118,130,159,Yes,Pickup
F002119,15,21,No,Pickup
F002120,9,16,No,In-Store
H002121,10,15,No,In-Store
F002122,6,7,No,Pickup
F002123,11,13,No,In-Store
F002124,40,52,Yes,In-Store
F002125,56,63,No,In-Store
H002126,25,50,No,In-Store
F002127,10,16,No,In-Store
F002128,10,16,No,In-Store
F002129,65,98,Yes,In-Store
H002130,12,20,No,Online
F002131,47,86,No,In-Store
F002132,12,14,No,In-Store
F002133,8,13,No,In-Store
F002134,26,40,No,Pickup
H002135,36,91,Yes,In-Store
F002136,24,27,No,Online
H002137,18,45,No,In-Store
E002138,1,3,No,In-Store
F002139,42,79,No,In-Store
F002140,6,9,No,In-Store
F002141,30,55,No,In-Store
F002142,35,51,Yes,Pickup
F002143,7,10,Yes,In-Store
H002144,10,37,No,In-Store
H002145,8,14,No,In-Store
H002146,15,21,No,In-Store
H002147,17,44,No,In-Store
F002148,39,62,No,In-Store
H002149,26,49,No,In-Store
E002150,1,2,No,Online
F002151,21,39,No,In-Store
F002152,63,103,No,In-Store
F002153,91,166,No,Online
F002154,51,96,No,Online
F002155,47,59,No,Pickup
F002156,25,29,No,In-Store
H002157,3,6,No,In-Store
F002158,17,30,No,In-Store
F002159,50,69,No,Online
E002160,1,4,No,Online
H002161,16,33,No,Pickup
F002162,38,46,No,In-Store
F002163,9,10,No,In-Store
H002164,12,19,No,In-Store
F002165,90,179,Yes,In-Store
F002166,11,13,No,In-Store
F002167,19,36,No,Pickup
F002168,7,10,No,In-Store
F002169,5,8,No,In-Store
F002170,6,7,No,In-Store
F002171,13,21,No,Online
H002172,1,2,No,Pickup
F002173,4,7,No,In-Store
F002174,96,126,No,Pickup
F002175,8,9,No,Online
F002176,13,18,No,Pickup
H002177,18,53,Yes,In-Store
F002178,15,22,No,In-Store
F002179,172,333,No,Online
F002180,131,216,No,In-Store
H002181,3,7,No,In-Store
F002182,4,6,No,In-Store
H002183,4,7,No,In-Store
F002184,11,12,No,In-Store
F002185,14,19,No,In-Store
H002186,6,9,No,In-Store
F002187,9,15,No,In-Store
F002188,6,10,No,Online
F002189,18,25,No,In-Store
F002190,6,9,No,In-Store
F002191,7,10,No,In-Store
F002192,30,35,No,In-Store
F002193,12,18,No,In-Store
H002194,2,7,No,Pickup
H002195,8,20,No,In-Store
F002196,32,35,No,In-Store
F002197,22,42,Yes,Pickup
F002198,33,47,No,Online
H002199,32,53,No,In-Store
F002200,3,5,No,In-Store
H002201,12,33,No,In-Store
F002202,42,62,No,In-Store
F002203,215,341,Yes,In-Store
F002204,11,14,No,In-Store
F002205,79,105,Yes,In-Store
H002206,7,23,No,In-Store
H002207,17,52,Yes,In-Store
F002208,17,29,Yes,Pickup
H002209,28,103,No,Online
H002210,4,10,No,Pickup
H002211,17,38,No,Pickup
F002212,11,21,No,In-Store
H002213,4,7,No,Pickup
H002214,6,9,No,In-Store
F002215,13,14,No,In-Store
F002216,7,8,No,In-Store
H002217,8,13,No,Pickup
H002218,15,24,No,Pickup
H002219,7,9,No,In-Store
F002220,40,55,No,Pickup
H002221,39,109,No,Pickup
F002222,17,20,No,In-Store
H002223,5,7,No,In-Store
H002224,33,93,Yes,In-Store
H002225,19,28,No,In-Store
H002226,13,25,No,Online
F002227,15,17,No,Online
H002228,4,9,No,In-Store
H002229,7,11,No,In-Store
H002230,25,94,Yes,In-Store
F002231,23,31,No,In-Store
F002232,30,48,No,In-Store
E002233,18,56,No,In-Store
F002234,3,4,No,Online
F002235,5,8,No,In-Store
H002236,16,47,No,Online
F002237,26,41,No,In-Store
H002238,7,11,No,Online
F002239,25,44,No,Online
F002240,20,33,Yes,Pickup
F002241,7,11,No,Online
H002242,8,17,No,In-Store
H002243,5,11,No,Pickup
H002244,10,20,No,Online
E002245,1,3,No,In-Store
F002247,73,128,Yes,In-Store
F002248,17,30,No,In-Store
F002249,30,38,No,In-Store
H002250,4,11,No,Online
F002251,26,47,Yes,In-Store
F002252,87,126,No,In-Store
H002253,4,9,No,Pickup
E002254,12,38,No,Online
H002255,36,78,No,In-Store
H002256,10,22,No,Pickup
H002257,22,68,No,In-Store
F002258,47,76,No,In-Store
H002259,34,69,Yes,In-Store
H002260,6,22,No,In-Store
F002261,29,46,No,Online
F002262,7,13,No,In-Store
F002263,14,15,No,In-Store
F002264,41,79,Yes,In-Store
F002265,164,286,Yes,In-Store
H002266,15,40,No,In-Store
F002267,4,5,No,In-Store
H002268,20,32,No,In-Store
F002269,3,4,No,In-Store
F002270,11,16,No,In-Store
F002271,5,8,No,In-Store
F002272,24,37,No,In-Store
H002273,5,17,No,Pickup
F002274,24,45,No,In-Store
F002275,31,55,No,In-Store
H002276,13,24,No,In-Store
F002277,30,46,No,In-Store
F002278,4,6,No,In-Store
F002279,7,9,No,Pickup
H002280,11,16,No,Pickup
F002281,28,32,Yes,Online
H002282,10,25,No,In-Store
F002283,71,92,Yes,In-Store
F002284,20,34,No,In-Store
F002285,24,28,No,In-Store
F002286,16,26,No,In-Store
F002287,10,19,No,In-Store
F002288,24,35,No,Pickup
F002289,32,45,Yes,Online
F002290,16,22,Yes,In-Store
F002291,12,18,No,In-Store
F002292,70,135,No,In-Store
F002293,93,103,Yes,In-Store
F002294,15,22,Yes,Pickup
F002295,13,14,No,Pickup
H002296,12,31,No,In-Store
F002297,74,141,No,Pickup
H002298,27,52,Yes,Online
H002299,12,27,Yes,In-Store
E002300,2,5,No,Online
H002301,9,16,No,Pickup
H002302,27,67,No,In-Store
F002303,15,25,No,Pickup
F002304,7,12,No,In-Store
F002305,45,87,No,In-Store
H002306,46,155,Yes,In-Store
F002307,42,63,No,In-Store
H002308,9,29,No,In-Store
F002309,10,19,No,Pickup
F002310,10,14,No,Pickup
F002311,27,40,Yes,In-Store
H002312,6,11,No,In-Store
F002313,23,30,No,In-Store
H002314,13,37,Yes,In-Store
F002315,16,31,No,In-Store
F002316,11,14,No,Online
H002317,191,450,Yes,Pickup
H002318,23,32,No,In-Store
F002319,26,49,No,In-Store
F002320,9,10,No,Pickup
F002321,27,32,Yes,In-Store
F002322,7,10,No,In-Store
H002323,13,25,No,In-Store
F002324,17,30,Yes,In-Store
F002325,109,153,Yes,Pickup
H002326,19,54,No,In-Store
F002327,27,36,Yes,In-Store
H002328,9,25,No,In-Store
H002329,22,33,No,Pickup
F002330,14,17,No,Online
H002331,1,3,Yes,Online
F002332,13,23,No,Pickup
F002333,170,200,Yes,In-Store
F002334,30,48,No,In-Store
F002335,14,16,No,In-Store
H002336,16,30,No,In-Store
F002337,31,52,No,Pickup
H002338,9,21,No,Pickup
H002339,8,15,No,Online
F002340,38,66,No,In-Store
H002341,18,44,No,Pickup
F002342,15,29,No,In-Store
H002343,8,12,No,Online
F002344,17,28,No,In-Store
H002345,7,18,No,In-Store
H002346,15,38,No,In-Store
F002347,31,61,No,In-Store
H002348,46,113,Yes,In-Store
H002349,16,57,Yes,Online
H002350,3,7,No,Online
H002351,6,11,No,In-Store
F002352,5,8,No,In-Store
F002353,7,8,No,Pickup
F002354,13,21,No,In-Store
F002355,137,152,Yes,In-Store
F002356,42,46,No,Pickup
F002357,42,68,No,In-Store
F002358,7,10,No,In-Store
F002359,29,51,No,In-Store
F002360,65,114,Yes,In-Store
H002361,8,10,Yes,In-Store
F002362,47,77,No,Pickup
H002363,6,22,Yes,Online
H002364,4,7,No,Pickup
F002365,8,10,No,In-Store
F002366,8,12,No,Pickup
F002367,18,32,No,Pickup
F002368,70,97,Yes,In-Store
E002369,2,6,No,Online
H002370,2,5,No,In-Store
F002371,3,4,No,In-Store
F002372,18,21,No,In-Store
H002373,14,37,No,In-Store
F002374,57,85,No,In-Store
H002375,27,80,No,Online
H002376,66,105,No,Pickup
F002377,62,105,Yes,In-Store
F002378,29,54,No,Online
H002379,6,11,No,In-Store
F002380,13,20,Yes,Pickup
F002381,13,20,No,In-Store
H002382,4,6,No,In-Store
F002383,9,11,No,In-Store
H002384,20,72,No,Pickup
H002385,2,3,No,Pickup
F002386,50,83,No,Pickup
F002387,172,195,Yes,In-Store
F002388,16,24,No,In-Store
H002389,2,6,No,Online
F002390,55,62,Yes,Pickup
F002391,8,10,No,Online
F002392,4,6,No,Online
H002393,12,17,No,In-Store
E002394,2,4,No,Online
F002395,14,20,No,Pickup
F002396,40,79,No,In-Store
F002397,34,58,No,Pickup
H002398,4,10,No,In-Store
F002399,36,62,No,In-Store
H002400,11,17,No,In-Store
F002401,217,298,No,Pickup
F002402,30,56,No,In-Store
H002403,14,27,No,In-Store
F002404,8,13,No,Pickup
H002405,25,50,Yes,Pickup
F002406,2,3,No,In-Store
E002407,2,5,No,Pickup
F002408,26,51,No,Pickup
F002409,22,35,No,In-Store
F002410,6,10,No,In-Store
F002411,1,2,No,In-Store
H002412,41,79,No,In-Store
H002413,16,22,No,Online
F002414,41,77,Yes,In-Store
H002415,9,21,No,In-Store
H002416,6,14,No,Pickup
F002417,34,64,No,In-Store
F002418,1,2,No,Online
F002419,44,51,No,In-Store
H002420,3,8,No,Pickup
H002421,310,705,Yes,Online
H002422,1,2,No,Online
F002423,3,4,No,In-Store
H002424,64,213,No,In-Store
F002425,11,20,Yes,In-Store
F002426,4,7,No,In-Store
H002427,11,16,No,Pickup
H002428,3,8,No,In-Store
E002429,1,2,No,Online
F002430,20,22,No,In-Store
H002431,12,41,No,Online
H002432,2,4,No,In-Store
F002433,89,98,No,In-Store
H002434,17,33,No,In-Store
F002435,192,235,No,Online
F002436,7,8,Yes,In-Store
H002437,15,32,No,Pickup
H002438,6,20,No,In-Store
H002439,20,49,No,Online
F002440,31,49,No,In-Store
F002441,15,28,No,In-Store
F002442,80,159,Yes,In-Store
F002443,39,66,No,Online
H002444,13,27,No,In-Store
H002445,12,18,Yes,In-Store
H002446,46,66,Yes,Online
F002447,10,11,No,In-Store
F002448,25,48,No,Pickup
H002449,11,22,No,In-Store
H002450,106,153,Yes,Pickup
H002451,9,12,No,In-Store
F002452,29,39,No,Online
H002453,12,20,No,In-Store
H002454,97,130,Yes,Online
F002455,35,43,Yes,In-Store
H002456,19,61,No,In-Store
E002457,2,6,No,Online
F002458,20,30,Yes,In-Store
F002459,26,41,Yes,Online
F002460,53,100,Yes,Online
H002461,10,28,No,In-Store
F002462,22,28,No,In-Store
F002463,33,38,No,In-Store
F002464,37,53,Yes,Online
F002465,33,49,No,In-Store
H002466,3,8,No,Online
H002467,9,26,No,In-Store
F002468,7,8,Yes,Pickup
H002469,3,8,No,Online
H002470,20,26,No,Online
F002471,32,39,No,In-Store
F002472,15,18,No,Pickup
F002473,25,43,No,In-Store
F002474,16,28,No,In-Store
F002475,7,11,No,Pickup
H002476,9,15,No,In-Store
F002477,32,46,No,Pickup
F002478,65,96,No,In-Store
F002479,23,34,Yes,Online
F002480,29,34,Yes,In-Store
H002481,6,12,No,Online
H002482,31,55,Yes,In-Store
F002483,5,7,No,In-Store
H002484,15,38,No,In-Store
F002485,18,23,No,In-Store
F002486,20,35,No,Pickup
H002487,3,6,No,In-Store
F002488,36,66,Yes,Pickup
F002489,13,22,No,In-Store
F002490,4,5,No,In-Store
F002491,39,55,No,In-Store
F002492,14,21,No,In-Store
H002493,32,75,No,In-Store
H002494,44,57,Yes,In-Store
H002495,34,62,No,Online
H002496,2,4,No,In-Store
H002497,9,18,No,In-Store
H002498,16,40,No,Pickup
E002499,1,2,No,Online
F002500,7,8,No,In-Store
F002501,3,4,No,In-Store
F002502,69,102,Yes,In-Store
F002503,16,31,No,Online
F002504,22,33,No,In-Store
H002505,47,109,No,Online
F002506,11,12,No,In-Store
F002507,145,191,Yes,In-Store
F002508,35,46,Yes,Pickup
E002509,7,30,No,Pickup
F002510,49,86,Yes,In-Store
F002511,10,14,No,In-Store
F002512,15,28,No,In-Store
H002513,3,7,No,Online
H002514,4,14,No,In-Store
F002515,9,10,No,In-Store
F002516,38,52,No,Pickup
E002517,3,13,No,Online
F002518,13,17,No,In-Store
F002519,41,62,No,Pickup
H002520,18,36,No,In-Store
F002521,4,5,No,In-Store
F002522,12,17,No,In-Store
F002523,31,61,No,Pickup
F002524,369,694,Yes,In-Store
F002525,50,63,Yes,In-Store
F002526,112,129,Yes,Online
H002527,46,90,No,In-Store
H002528,3,5,No,In-Store
F002529,6,11,No,In-Store
F002530,24,27,No,In-Store
H002531,2,5,No,Online
H002532,6,11,No,In-Store
H002533,21,61,No,In-Store
F002534,12,16,No,In-Store
F002535,52,81,No,Online
F002536,74,93,Yes,In-Store
H002537,5,19,No,Pickup
F002538,17,22,No,In-Store
H002539,11,14,No,In-Store
H002540,21,32,No,Pickup
E002541,14,35,No,Pickup
F002542,58,110,Yes,In-Store
F002543,13,23,No,In-Store
H002544,3,4,No,In-Store
F002545,37,61,No,In-Store
F002546,22,37,No,In-Store
E002547,5,10,No,Online
H002548,6,11,No,Online
F002549,218,317,Yes,Pickup
H002550,25,88,No,Online
H002551,1,2,No,Online
H002552,101,242,Yes,In-Store
F002553,7,8,No,In-Store
H002554,3,8,No,In-Store
H002555,6,19,No,In-Store
F002556,6,10,No,In-Store
F002557,41,52,Yes,In-Store
F002558,26,44,No,Pickup
F002559,60,118,Yes,In-Store
H002560,14,32,Yes,Online
H002561,1,2,No,Online
F002562,26,44,No,In-Store
F002563,9,17,No,Online
F002564,12,18,No,In-Store
F002565,53,81,Yes,In-Store
F002566,78,128,Yes,Pickup
H002567,17,56,No,Pickup
F002568,25,45,No,In-Store
F002569,70,105,Yes,Pickup
E002570,2,9,No,Pickup
F002571,11,13,No,In-Store
H002572,7,22,No,In-Store
F002573,8,14,Yes,In-Store
H002574,2,4,No,Pickup
H002575,22,60,Yes,Online
H002576,2,6,No,In-Store
F002577,32,63,No,In-Store
F002578,49,73,No,In-Store
H002579,1,2,No,Online
F002580,8,11,No,In-Store
E002581,15,58,Yes,Online
F002582,12,15,No,Online
H002583,26,53,No,Online
F002584,97,132,No,In-Store
H002585,1,2,No,Pickup
F002586,7,9,No,In-Store
F002587,27,39,No,Online
H002588,11,17,No,In-Store
F002589,10,17,Yes,In-Store
F002590,5,7,No,In-Store
F002591,43,79,Yes,In-Store
F002592,14,21,No,In-Store
F002593,170,227,Yes,In-Store
H002594,17,27,No,In-Store
F002595,144,223,No,Pickup
F002596,13,25,Yes,Pickup
H002597,11,24,No,Online
F002598,19,25,No,In-Store
E002599,1,2,No,In-Store
F002600,22,37,No,Pickup
F002601,12,19,No,In-Store
H002602,4,8,No,Pickup
F002603,25,34,Yes,In-Store
H002604,15,32,No,Pickup
F002605,51,86,No,In-Store
H002606,2,3,No,In-Store
E002607,1,4,No,In-Store
F002608,32,37,Yes,In-Store
H002609,6,16,No,Online
H002610,2,7,No,In-Store
F002611,22,24,Yes,In-Store
F002612,6,9,No,Online
F002613,22,40,No,In-Store
H002614,7,15,No,Online
F002615,15,29,No,In-Store
F002616,3,4,No,In-Store
E002617,6,14,No,Online
H002618,13,31,No,In-Store
F002619,120,195,No,In-Store
F002620,9,11,No,In-Store
F002621,19,24,No,Online
H002622,5,12,No,In-Store
F002623,46,72,No,In-Store
H002624,58,215,No,Online
H002625,5,11,No,Pickup
F002626,90,176,No,In-Store
F002627,51,83,Yes,In-Store
F002628,4,7,No,In-Store
F002629,17,32,No,In-Store
H002630,2,3,No,Online
F002631,26,36,No,In-Store
H002632,10,29,No,In-Store
F002633,173,249,No,In-Store
F002634,78,131,Yes,In-Store
F002635,6,11,No,Pickup
H002636,14,49,No,Pickup
F002637,6,9,No,In-Store
H002638,20,62,No,Online
F002639,19,26,No,In-Store
F002640,24,31,No,In-Store
E002641,3,13,No,Online
H002642,8,31,No,In-Store
F002643,27,38,No,In-Store
F002644,45,79,No,Pickup
H002645,15,27,No,Pickup
F002646,22,39,No,In-Store
F002647,31,46,No,In-Store
E002648,1,4,No,Pickup
F002649,4,6,No,In-Store
H002650,27,63,No,Online
F002651,8,13,No,In-Store
F002652,12,22,No,In-Store
F002653,5,8,No,Pickup
F002654,11,18,No,In-Store
F002655,54,68,Yes,In-Store
H002656,2,3,No,Online
H002657,8,16,No,Pickup
F002658,39,49,No,In-Store
F002659,9,10,No,Pickup
F002660,98,193,No,In-Store
F002661,25,32,No,In-Store
F002662,13,15,Yes,In-Store
H002663,6,16,No,In-Store
H002664,42,57,No,In-Store
F002665,259,353,Yes,In-Store
H002666,9,14,No,In-Store
H002667,3,9,No,Online
F002668,92,166,No,In-Store
F002669,15,28,No,In-Store
F002670,5,9,No,In-Store
H002671,129,358,No,In-Store
F002672,98,165,Yes,In-Store
H002673,13,35,No,Pickup
F002674,14,25,No,In-Store
F002675,108,132,No,In-Store
F002676,8,10,No,In-Store
H002677,15,24,Yes,Online
H002678,4,12,No,Online
F002679,16,23,No,In-Store
F002680,66,90,No,In-Store
H002681,17,49,No,In-Store
H002682,9,25,No,Online
H002683,1,3,No,In-Store
F002684,66,95,Yes,In-Store
F002685,29,47,No,In-Store
F002686,14,26,No,In-Store
H002687,24,95,Yes,In-Store
F002688,26,36,No,In-Store
F002689,12,17,No,In-Store
F002690,45,61,Yes,In-Store
H002691,1,3,No,In-Store
H002692,4,11,No,In-Store
F002693,13,21,No,Pickup
H002694,6,15,No,Online
H002695,4,9,No,In-Store
E002696,3,11,No,Online
F002697,20,30,No,In-Store
F002698,161,220,Yes,In-Store
F002699,21,26,No,In-Store
F010000,39,114,Yes,Pickup
H010001,50,58,Yes,Pickup
H010002,68,61,No,Online
E010003,58,108,Yes,In-Store
H010004,31,84,No,Pickup
